name,type,eircode,address,lat,lng,email,phone,contact1,contact2,contact3,link,sourceId
Carlow County Council,coco,,County Buildings Athy Road Carlow.,52.84334947,-6.930269792,,0599170300,,,,https://www.carlow.ie/,
Tullow Civic Offices,coco,,"Civic Offices Link Road, Tullow.",52.84334947,-6.9302698,,0599172415,,,,https://www.carlow.ie/,
Muinebheag Area Office,coco,,"McGrath Hall Station Road, Muinebheag",52.84334947,-6.9302699,,0599136296,,,,https://www.carlow.ie/,
Cavan County Council,coco,,Second Floor Johnston Centre Farnham Street Cavan H12 C9K1,53.99340371,-7.362202177,info@cavancoco.ie,049-4378300,,,,https://www.cavancoco.ie/your-council/customer-care/contact-us/,
Clare County Council,coco,,New Rd Lifford Ennis Co. Clare V95 DXP2,52.86779875,-8.976517544,customerservices@clarecoco.ie,0656821616,,,,https://www.clarecoco.ie/your-council/contact-the-council/default.html,
Cork County Council,coco,,County Hall Carrigrohane Rd Cork,51.92589431,-8.512757503,,0214276891,,,,https://www.corkcoco.ie/en/cork-county-council-contact-details,
Donegal County Council,coco,,St Orans Rd Ardaravan Buncrana Co. Donegal,55.16719875,-7.457168731,,0749153900,,,,https://www.donegalcoco.ie/services/contactus/,
Dun Laoghaire / Rathdown,coco,,2 Marine Rd Dunleary Dublin A96 K6C9,53.29446109,-6.134334348,info@dlrcoco.ie,012054700,,,,https://www.dlrcoco.ie/contact-us,
Fingal County Council,coco,,Grove Rd Blanchardstown Dublin 15,53.39553426,-6.392819348,,(01) 890 5000,,,,https://www.fingal.ie/contact-us,
Galway County Council,coco,,Áras an Chontae Prospect Hill Galway H91 H6KX,53.27662547,-9.048728647,customerservices@galwaycoco.ie,(0)91 509000,,,,http://www.galway.ie/en/contactus/,
Kerry County Council,coco,,Kerry County Council County Buildings Rathass Tralee Co. Kerry V92 H7VT,52.26628546,-9.678999603,,066 7183500,,,,https://www.kerrycoco.ie/contact-us/,
Kildare County Council,coco,,Devoy Park Naas Co. Kildare W91 X77F,53.21464964,-6.671698561,,045980200,,,,http://kildarecountycouncil.ie/,
Kilkenny County Council,coco,,Council Hall John Street Kilkenny,52.65293161,-7.248072678,,056 779 4000,,,,https://www.kilkennycoco.ie/eng/contact_us/,
Laois County Council,coco,,JFL Ave. Portlaoise Co Laois R32 EHP9,53.0320146,-7.301102232,,(057) 86 64000,,,,https://laois.ie/contact-us/,
Leitrim County Council,coco,,Aras an Chontae St George's Terrace Townparks Carrick-On-Shannon Co. Leitrim,53.9479357,-8.098554655,customerservices@leitrimcoco.ie,071 9620005,,,,http://www.leitrimcoco.ie/eng/contact_us/contact_us/,
Limerick City and County Council,coco,,City Hall Merchants Quay Englishtown Limerick V94 EH90,52.66615426,-8.624877058,,061556000,,,,https://www.limerick.ie/council/how-can-we-help/contact-us,
Limerick City and County Council,coco,,Limerick City and County Council Dooradoyle Road Dooradoyle Limerick V94 WV78,52.63907467,-8.64555819,,+353 61 556000,,,,https://www.limerick.ie/council/how-can-we-help/contact-us,
Longford County Council,coco,,Longford County Council Great Water Street Longford N39 NH56,53.73009647,-7.799412803,,0433343300,,,,https://www.longfordcoco.ie/your-council/contact-us/,
Louth County Council,coco,,Millennium Centre Dundalk Louth A91 KFW6,54.00371667,-6.386381403,,,,,,https://www.louthcoco.ie/en/contact/louth-county-council/,
Mayo County Council,coco,,The Mall Castlebar Co. Mayo F23 WF90,53.85407495,-9.299448148,,0949064000,,,,https://www.mayo.ie/contact,
Meath County Council,coco,,Buvinda House Dublin Road Navan Co. Meath C15 Y291,53.64742406,-6.668346441,,0469097000,,,,https://www.meath.ie/council/contact-customer-service,
Monaghan County Council,coco,,Monaghan County Council County Offices The Glen Monaghan H18 YT50,54.24271044,-6.971517207,,00353 47 30500,,,,https://monaghan.ie/contact/,
Offaly County Council,coco,,Áras an Chontae Charleville Rd Spollanstown Tullamore Co. Offaly R35 F893,53.28478842,-7.502209362,,0579346800,,,,https://www.offaly.ie/engaging-with-architecture-programmes/,
Roscommon County Council,coco,,County Hall Ardnanagh Roscommon F42 VR98,53.63087674,-8.194515679,,0906637100,,,,http://www.roscommoncoco.ie/en/,
Sligo County Council,coco,,County Hall Riverside Sligo F91 Y763,54.27120483,-8.462911326,,0719111111,,,,https://www.sligococo.ie/ContactUs/,
South Dublin County Council,coco,,County Hall Belgard Square North Tallaght Co. Dublin,53.28947532,-6.372718236,,014149000,,,,https://www.sdcc.ie/en/services/our-council/about-us/customer-care/,
Tipperary county council,coco,,Tipperary County Council North Tipperary Civic Offices Limerick Rd Nenagh North Nenagh Co. Tipperary,52.86305451,-8.210692436,,0818065000,,,,https://www.tipperarycoco.ie/,
Waterford City & County Council,coco,,The Mall Waterford,52.26800756,-7.106338048,,0818 10 20 20,,,,https://www.waterfordcouncil.ie/departments/corporate/customer-care.htm,
Westmeath County Council,coco,,"Áras An Chontae Mount St, Mullingar Co. Westmeath",53.52389936,-7.340270688,,0449332000,,,,http://www.westmeathcoco.ie/en/contactus/,
Wexford County Council,coco,,Newtown Rd Carricklawn Wexford Y35 WY93,52.35009573,-6.489895308,,0539196000,,,,https://www.wexfordcoco.ie/,
Wicklow County Council,coco,,Wicklow County Council County Buildings Whitegates Wicklow Town A67 FW96,52.98602777,-6.050685294,,(0404) 20100,,,,https://www.wicklow.ie/Living/Your-Council/Customer-Care/Contact-Us,
Cork City Council,cyco,,Cork City Council City Hall Anglesea Street Cork T12 T997,51.89748325,-8.465538118,,+353 21 4924000,,,,https://www.corkcity.ie/en/,
Dublin City Council,cyco,,Dublin City Council Customer Services Block 3 Floor 0 Civic Offices Wood Quay Dublin 8 D08 RF3F,53.3453952,-6.271382808,,01 222 2222,,,,https://www.dublincity.ie/council/council-explained/contact-us,
Galway City Council,cyco,,10A College Rd Galway H91 F798,53.27624486,-9.043438218,,091536400,,,,https://www.galwaycity.ie/contact-us-information/,
The Eastern & Midland Regional Assembly,regco,,3rd Floor North Ballymun Civic Centre Main Street Ballymun Dublin 9 Ireland D09C8P5,53.3957875,-6.263586108,,00 353 (0) 1 8074482,,,,http://emra.ie/contact-us/,
Northern & Western Regional Assembly,regco,,Northern & Western Regional Assembly The Square Ballaghaderreen Co Roscommon Ireland F45 W674,53.90243931,-8.579280523,info@nwra.ie,00 353 (0) 94 986 2970,,,,https://www.nwra.ie/contact-us/,
Southern Regional Assembly,regco,,Southern Regional Assembly Assembly House O' Connell Street Waterford Ireland X91 F8PC,52.26249071,-7.11407011,,+353 (0) 51 860700,,,,https://www.southernassembly.ie/contact,
